Keyword,Intent,Volume,Trend,Keyword Difficulty,CPC (INR),SERP Features
background music,"Informational, Transactional",33100,"1.00,1.00,0.82,1.00,0.82,1.00,1.00,1.00,1.00,1.00,1.00,1.00",63,9.11,"Image, Image pack, Video, Video carousel, Related searches"
copyright free music,Commercial,27100,"0.82,1.00,0.82,1.00,0.82,0.82,1.00,1.00,1.00,1.00,1.00,0.82",81,10.93,"Video, Video carousel, Related searches, Ads top, Ads bottom"
no copyright music,Informational,22200,"1.00,1.00,0.82,0.82,0.82,0.82,0.82,1.00,1.00,1.00,1.00,1.00",69,6.38,"Image, Video, Video carousel, Related searches"
AI music generator,Commercial,18100,"0.55,0.67,1.00,1.00,0.67,0.82,0.82,0.82,0.82,0.82,0.82,1.00",76,4.55,"Video, Related searches, Ads bottom"
copyright free music for YouTube,,14800,"0.82,0.82,0.82,0.67,0.67,0.82,0.82,1.00,0.82,1.00,0.82,1.00",,5.46,
royalty free music,Informational,14800,"1.00,1.00,0.82,1.00,0.82,0.82,0.82,1.00,1.00,1.00,1.00,1.00",77,18.22,"Video, Related searches, See results about"
background music for videos,Informational,2900,"1.00,1.00,1.00,1.00,0.81,0.81,0.81,1.00,0.81,0.81,0.81,0.81",67,6.38,"Image, Video, Video carousel, Short videos, Related searches, Ads bottom"
royalty free background music,Informational,2400,"0.66,0.83,0.66,0.83,0.66,0.83,0.83,0.83,0.83,0.83,1.00,0.83",82,8.20,"Image, Video, Related searches"
royalty free music for YouTube,,2400,"0.66,0.83,0.66,0.66,0.66,0.66,0.83,0.83,0.66,0.83,0.83,1.00",,18.22,
AI song maker,Commercial,1900,"0.44,0.44,0.36,0.36,0.36,0.36,0.53,0.44,0.53,0.53,0.67,1.00",75,2.73,"Video, Related searches"
production music,,1900,"0.79,1.00,0.79,0.79,0.79,0.79,0.67,0.79,0.79,0.79,0.79,0.67",,22.77,
AI music creator,Commercial,1600,"0.00,0.00,0.00,0.00,0.01,1.00,0.29,0.16,0.24,0.13,0.10,0.09",74,7.29,"Image, Video, Video carousel, Related searches, Ads top, Ads middle"
music for games,,1300,"0.13,0.13,0.15,0.13,0.15,0.13,0.15,0.13,0.15,0.13,0.13,1.00",,32.79,
stock music,Informational,1300,"1.00,0.77,0.77,1.00,0.77,1.00,0.77,1.00,1.00,1.00,0.77,1.00",77,35.52,"Video, Related searches, See results about"
audio logo,Informational,1000,"0.77,1.00,0.77,0.77,0.68,0.68,0.68,0.77,1.00,0.77,0.68,0.68",28,0.00,"Image, Image pack, Video, Related searches"
creator music,,1000,"0.20,0.20,0.24,0.24,0.24,0.20,0.20,0.24,0.24,0.24,0.28,1.00",,10.93,
cinematic background music,Informational,880,"1.00,1.00,1.00,1.00,1.00,1.00,1.00,1.00,1.00,1.00,1.00,1.00",30,8.20,"Image, Video, Video carousel, Related searches"
music for YouTube videos,Commercial,720,"1.00,1.00,0.88,0.88,0.88,0.72,0.72,0.72,0.59,0.59,0.59,0.59",77,22.77,"Video, Related searches, Ads top, Ads bottom"
music for videos,Commercial,720,"0.55,0.55,0.55,0.45,0.45,0.45,0.45,0.45,0.45,0.45,0.45,1.00",89,10.93,"Image, Video, Video carousel, Related searches, Ads top, Ads bottom"
sonic logo,"Informational, Transactional",720,"0.67,0.82,0.67,1.00,0.82,0.82,0.82,0.82,0.67,0.67,0.67,0.67",30,0.00,"Sitelinks, Image, Image pack, Video, Video carousel, People also ask, Related searches"
music licensing,Informational,590,"0.82,0.67,0.55,0.67,0.67,0.55,0.67,0.67,0.67,0.82,0.67,1.00",43,51.00,"AI Overview, Video carousel, People also ask, Related searches, Ads bottom"
advertising music,,480,"0.81,0.81,0.81,1.00,0.81,0.81,0.81,1.00,0.81,0.81,0.81,0.81",,10.93,
music for advertising,,480,"0.81,0.81,0.81,1.00,0.81,0.81,0.81,1.00,0.81,0.81,0.81,0.81",,10.93,
free AI music generator,Informational,390,"0.09,0.07,0.11,0.26,0.26,0.32,0.39,0.48,0.48,0.72,1.00,1.00",80,6.38,"AI Overview, Video, Related searches"
podcast background music,Informational,390,"1.00,1.00,1.00,1.00,1.00,1.00,1.00,1.00,1.00,1.00,0.82,1.00",30,9.11,"Sitelinks, Image, Video, Related searches"
upbeat background music,"Informational, Transactional",390,"0.81,1.00,0.81,0.81,0.81,1.00,0.81,0.81,0.81,0.81,0.81,1.00",37,13.66,"Image, Image pack, Video, Video carousel, Short videos, Knowledge panel, Related searches"
music by BPM,,320,"1.00,1.00,0.82,0.67,0.67,0.54,0.54,0.82,0.67,0.82,0.82,0.82",,0.00,
commercial music,Informational,260,"1.00,0.67,0.67,0.67,0.67,0.67,0.54,0.67,0.54,0.67,0.54,0.54",38,51.91,"AI Overview, Image, Video, Video carousel, People also ask, Related searches, See results about, Ads bottom"
royalty free music for videos,Commercial,260,"0.19,0.24,0.19,0.24,0.19,0.19,0.24,0.24,0.24,0.30,1.00,0.44",77,22.77,"Video, Related searches, Ads top, Ads bottom"
sonic branding,Informational,260,"0.82,1.00,0.82,0.82,0.67,0.54,0.67,0.67,0.67,0.67,0.67,0.67",37,369.77,"Sitelinks, Image, Image pack, Video, Video carousel, People also ask, Related searches, Ads top, Ads bottom"
YouTube copyright free background music,"Informational, Transactional",210,"0.07,0.01,0.01,0.01,0.04,0.29,0.03,1.00,0.67,1.00,0.01,0.03",52,3.64,"Image, Video, Related searches"
brand sound,,210,"0.53,0.53,0.66,0.66,0.81,0.53,0.66,0.81,1.00,0.81,0.66,0.44",,0.00,
branded music,,210,"1.00,0.81,0.81,0.81,0.81,0.81,0.81,1.00,0.81,0.81,0.81,0.81",,0.00,
music branding,,210,"1.00,0.81,0.81,0.81,0.81,0.81,0.81,1.00,0.81,0.81,0.81,0.81",,0.00,
sound branding,Informational,210,"0.53,0.53,0.66,0.66,0.81,0.53,0.66,0.81,1.00,0.81,0.66,0.44",6,0.00,"AI Overview, Image pack, Video, Video carousel, People also ask, Related searches, Ads top, Ads middle"
audio branding,Informational,170,"0.81,1.00,0.81,0.81,0.81,0.81,0.81,1.00,0.81,0.52,0.81,0.81",11,0.00,"AI Overview, Video, Video carousel, People also ask, Related searches"
audio logo design,Informational,170,"0.81,1.00,0.81,0.81,0.81,0.65,0.54,0.65,0.81,0.65,0.54,0.65",20,0.00,"Image, Image pack, Video, Related searches"
AI background music,Commercial,140,"0.53,0.82,0.65,1.00,1.00,0.82,0.82,0.82,0.65,0.65,0.65,0.65",81,5.46,"Video, Discussions and forums, Related searches, Ads top, Ads bottom"
brand jingle,,140,"0.35,0.65,0.54,0.54,0.42,0.35,0.42,0.65,0.54,1.00,0.42,0.42",,0.00,
podcast intro music,Informational,140,"0.65,1.00,0.82,0.82,1.00,0.65,0.82,0.82,0.65,0.82,1.00,1.00",27,10.93,"Sitelinks, Video, Video carousel, Related searches, See results about, Ads top, Ads bottom"
music for Facebook ads,Informational,110,"0.03,0.05,0.02,0.02,0.03,0.02,0.08,0.02,0.12,0.29,0.36,1.00",40,0.00,"Video, People also ask, Related searches, Ads top, Ads bottom"
music for events,"Informational, Transactional",110,"0.79,1.00,0.79,1.00,1.00,0.79,0.79,0.79,0.64,0.79,1.00,0.79",28,16.39,"AI Overview, Image, Video, Video carousel, People also ask, Discussions and forums, Related searches, Ads bottom"
background music for business,,90,"0.04,0.02,0.02,0.02,0.02,0.02,1.00,0.44,0.23,0.02,0.19,0.29",,100.18,
background music for restaurant,,90,"0.03,0.66,0.03,0.03,0.06,0.44,1.00,0.12,0.03,0.81,0.03,0.03",,0.00,
hold music,,90,"0.01,0.01,0.06,0.15,0.01,0.01,0.07,0.03,0.01,0.06,0.01,1.00",,0.00,
sonic identity,,50,"0.05,0.05,0.05,0.52,1.00,0.05,0.10,0.05,0.19,0.33,0.33,0.05",,163.03,
artlist vs epidemic sound,,40,"0.24,0.10,0.24,0.05,0.05,0.05,0.05,0.14,0.05,1.00,0.05,0.05",,0.00,
jingle maker,,40,"0.09,0.64,0.45,0.09,0.36,0.64,0.09,0.09,0.09,0.27,0.09,1.00",,3.64,
artlist alternative,,30,"0.14,0.43,1.00,0.29,0.29,0.43,0.29,0.14,0.71,0.14,0.29,0.14",,0.00,
brand anthem,,30,"0.57,0.14,1.00,0.14,0.43,0.71,0.29,0.14,0.29,0.43,0.14,0.14",,0.00,
epidemic sound alternative,,30,"1.00,0.50,0.29,0.29,0.07,0.07,0.07,0.07,0.07,0.14,0.21,0.07",,39.16,
music for commercial use,,30,"0.40,0.80,0.40,0.80,0.60,0.20,0.20,1.00,0.20,0.20,0.80,0.40",,36.43,
music for content creators,,30,"0.33,0.22,1.00,0.11,0.11,0.56,0.11,0.22,0.22,0.11,0.33,0.11",,15.48,
music licensing for business,,30,"0.11,0.11,0.11,0.22,1.00,0.11,0.11,0.33,0.56,1.00,0.44,0.11",,0.00,
stock music library,,30,"0.43,0.43,0.71,0.14,0.14,0.14,0.57,0.14,0.14,1.00,0.57,0.14",,0.00,
audio marketing,,20,"0.20,0.20,0.20,0.40,0.80,0.20,1.00,0.20,0.20,0.20,0.60,0.40",,0.00,
background music for store,,20,"0.20,0.20,0.20,0.20,0.80,0.20,1.00,0.20,0.60,0.60,0.20,0.20",,0.00,
best stock music,,20,"0.25,0.25,0.25,1.00,0.25,0.75,0.25,0.50,1.00,0.25,0.50,0.50",,0.00,
free podcast intro music,,20,"0.14,0.14,0.14,0.43,0.14,0.14,0.14,0.14,1.00,0.14,0.14,0.14",,7.29,
in store music,,20,"0.20,0.20,0.40,1.00,0.40,0.40,0.20,0.20,0.20,0.20,0.20,0.60",,0.00,
jingle creator,,20,"0.20,0.20,0.20,1.00,0.20,0.20,0.20,0.20,0.20,1.00,0.20,0.40",,6.38,
jingle generator,,20,"0.25,0.25,0.25,0.25,0.25,1.00,0.25,0.25,0.75,0.50,0.25,0.50",,6.38,
music curation,,20,"0.20,0.80,0.40,0.20,0.20,0.20,1.00,0.40,0.20,0.20,0.20,0.20",,0.00,
music for social media,,20,"0.20,0.20,0.20,0.20,0.20,0.20,1.00,0.20,1.00,0.20,0.20,0.20",,0.00,
music licensing cost,,20,"0.07,0.14,0.07,0.07,0.07,0.07,0.14,0.21,0.07,1.00,0.07,0.07",,0.00,
music supervision,,20,"0.11,0.11,0.11,0.11,0.11,1.00,0.44,0.33,0.22,0.22,0.11,0.11",,0.00,
podcast jingle,,20,"0.11,0.11,0.11,1.00,0.11,0.11,0.11,0.11,0.22,0.22,0.22,0.11",,13.66,
podcast music free,,20,"0.11,0.11,0.11,0.11,1.00,0.11,0.11,0.11,0.11,0.11,0.78,0.11",,13.66,
podcast outro music,,20,"0.20,0.20,0.20,1.00,0.40,0.60,0.20,0.20,0.20,0.20,0.20,1.00",,0.00,
royalty free music for ads,,20,"0.14,0.14,0.14,0.14,0.57,0.14,0.29,0.29,0.14,1.00,0.14,0.14",,23.68,
royalty free music for podcasts,,20,"0.14,0.14,0.29,1.00,0.14,0.14,0.71,0.71,0.14,0.14,0.14,0.14",,33.70,
royalty free podcast music,,20,"0.14,0.14,0.29,1.00,0.14,0.14,0.71,0.71,0.14,0.14,0.14,0.14",,33.70,
sonic branding agency,,20,"0.14,1.00,0.43,0.14,0.14,0.14,0.14,0.14,0.14,0.29,1.00,0.14",,572.87,
sonic branding examples,,20,"0.20,0.20,0.20,0.20,0.20,0.20,0.20,1.00,0.40,0.20,0.60,0.20",,0.00,
sound identity,,20,"0.25,0.25,0.25,1.00,0.75,0.50,0.25,0.25,0.75,0.25,0.25,0.25",,0.00,
sound marketing,,20,"0.22,0.11,0.11,1.00,0.33,0.11,0.11,0.11,0.11,0.11,0.11,0.44",,0.00,
audio branding examples,,10,"0.00,0.20,0.00,1.00,0.20,0.20,0.20,0.20,0.20,0.20,0.20,0.20",,0.00,
audio identity,,10,"0.33,0.33,0.33,0.33,0.33,0.33,1.00,0.33,0.67,0.33,0.33,0.33",,0.00,
brand music strategy,,10,"0.00,0.11,1.00,0.00,0.00,0.00,0.22,0.00,0.00,0.00,0.00,0.00",,0.00,
hold music for business,,10,"0.25,0.25,0.75,0.25,1.00,0.00,0.00,0.25,0.00,0.00,0.00,0.00",,0.00,
music licensing for social media,,10,"0.75,0.25,0.25,0.00,0.25,0.00,0.00,0.00,1.00,0.00,0.25,0.00",,0.00,
production music library,,10,"0.20,0.20,1.00,0.20,0.20,0.20,0.20,0.20,0.20,0.20,0.20,0.20",,0.00,
retail background music,,10,"1.00,1.00,1.00,1.00,1.00,1.00,1.00,1.00,1.00,1.00,1.00,1.00",,0.00,
sonic branding definition,,10,"0.00,0.00,0.00,0.33,0.00,0.00,0.33,1.00,0.00,0.00,0.00,0.33",,0.00,
sonic branding strategy,,10,"0.00,1.00,0.00,0.00,1.00,0.00,0.20,0.00,0.20,0.00,0.60,0.00",,0.00,
sonic logo maker,,10,"0.33,1.00,0.00,0.00,0.33,1.00,0.00,0.67,0.00,0.33,0.33,0.00",,0.00,
what is audio branding,,10,"0.67,0.67,0.33,0.33,0.00,0.33,0.33,0.33,0.33,0.00,0.33,1.00",,0.00,
what is sonic branding,,10,"0.33,1.00,0.33,0.33,0.67,0.67,0.33,0.33,0.33,0.67,0.33,0.33",,0.00,
