Keyword,Intent,Volume,Trend,Keyword Difficulty,CPC (USD),SERP Features
AI music generator,Commercial,49500,"0.66,0.54,0.36,0.54,0.66,0.54,0.81,0.54,0.66,1.00,0.81,1.00",76,0.9,"Sitelinks, Video, Related searches, Ads bottom"
royalty free music,Commercial,40500,"1.00,0.55,0.67,0.67,0.67,0.55,0.55,0.67,0.67,0.67,0.82,0.55",79,1.8,"Image, Video, Related searches, See results about, Ads bottom"
AI song maker,Commercial,14800,"0.36,0.54,0.44,0.54,0.66,0.54,0.66,0.54,0.66,1.00,0.81,1.00",76,0.56,"Sitelinks, Video, Related searches"
copyright free music,Informational,12100,"1.00,0.83,1.00,1.00,0.83,0.67,0.83,0.67,0.83,0.67,0.83,0.67",88,1.1,"Sitelinks, AI Overview, Image, Video, Knowledge panel, Related searches"
background music,"Informational, Transactional",9900,"0.69,0.83,0.83,1.00,1.00,1.00,0.83,0.69,0.83,1.00,1.00,0.83",59,0.54,"Image, Video, Video carousel, Short videos, Related searches, Ads bottom"
sonic logo,Informational,9900,"1.00,1.00,1.00,1.00,0.81,0.81,0.81,0.67,1.00,1.00,0.81,0.81",37,2.52,"Image, Image pack, Video, Video carousel, Related searches"
free AI music generator,Informational,6600,"0.36,0.44,0.36,0.54,0.54,0.54,0.44,0.66,0.66,1.00,1.00,0.81",79,0.64,"Sitelinks, AI Overview, Video, Related searches"
royalty free music for YouTube,Informational,5400,"0.44,0.44,0.66,0.54,0.81,0.81,0.66,0.44,1.00,0.44,0.44,0.81",84,1.77,"Sitelinks, AI Overview, Image, Video, Related searches"
royalty free music for videos,Commercial,3600,"0.16,0.19,0.29,0.23,0.35,0.35,0.44,0.44,1.00,0.81,0.66,0.29",80,2.49,"Sitelinks, Image, Video, Video carousel, Related searches"
stock music,Commercial,3600,"0.52,0.66,0.66,0.66,0.66,0.52,1.00,0.66,0.66,0.82,0.82,0.66",70,3.91,"Sitelinks, Video, Video carousel, Related searches"
music licensing,Informational,2900,"1.00,0.65,0.81,0.65,0.65,0.54,0.81,0.54,0.54,0.65,0.54,0.43",54,3.82,"AI Overview, Video, Video carousel, Short videos, Related searches"
no copyright music,Commercial,2900,"1.00,0.88,1.00,0.88,0.88,0.88,0.88,0.88,0.63,0.88,0.88,0.63",72,0.87,"Image, Video, Video carousel, Related searches"
royalty free background music,Commercial,2400,"0.36,0.36,0.43,0.54,0.65,0.65,1.00,0.54,0.54,1.00,0.29,0.36",81,1.38,"Sitelinks, Video, Related searches"
hold music,Informational,2400,"1.00,0.83,1.00,0.83,1.00,0.66,1.00,1.00,0.66,0.66,0.66,0.83",28,3.01,"Sitelinks, Video, Video carousel, Short videos, Related searches"
copyright free music for YouTube,Informational,1900,"1.00,0.66,0.80,0.52,0.52,0.52,0.52,0.52,0.44,0.52,0.44,0.27",77,1.41,"Sitelinks, Image, Video, Video carousel, Related searches, Ads bottom"
music for YouTube videos,Informational,1900,"0.65,1.00,0.36,0.29,0.29,0.29,0.81,0.36,0.36,0.36,0.36,0.29",36,3.58,"Sitelinks, AI Overview, Video, Video carousel, Related searches"
AI music creator,Commercial,1900,"0.80,1.00,1.00,1.00,0.80,0.80,0.70,1.00,0.70,1.00,1.00,1.00",77,1.2,"Video, Video carousel, Related searches"
music for videos,Commercial,1300,"0.55,0.30,0.34,0.34,0.34,0.30,1.00,0.44,0.34,0.34,0.44,0.24",62,5.68,"Sitelinks, Image, Video, Video carousel, Related searches"
podcast intro music,Informational,1300,"0.68,0.52,0.84,1.00,0.84,0.46,0.46,0.46,0.68,0.84,0.68,0.84",28,1.62,"Sitelinks, Video, Video carousel, People also ask, Related searches, See results about"
royalty free music for podcasts,Commercial,1300,"0.36,0.36,0.36,0.41,0.54,0.66,0.66,1.00,0.41,0.54,0.54,0.41",58,2.6,"Sitelinks, Video, Knowledge panel, Related searches"
audio logo,Informational,1000,"0.24,0.20,0.24,0.20,0.20,1.00,0.13,0.20,0.24,0.20,0.16,0.10",19,2.84,"AI Overview, Image, Video, Video carousel, People also ask, Knowledge panel, Related searches"
commercial music,Informational,1000,"1.00,0.77,1.00,1.00,1.00,0.77,0.77,0.77,0.56,1.00,1.00,0.77",33,3.72,"AI Overview, Video, Video carousel, People also ask, Related searches, See results about, Ads bottom"
production music,Informational,1000,"0.63,0.44,0.63,1.00,0.75,0.75,0.75,0.63,0.63,0.63,0.63,0.63",79,3.28,"Sitelinks, AI Overview, Video, Video carousel, People also ask, Local pack, Related searches, See results about"
background music for videos,"Informational, Transactional",880,"0.77,0.55,0.68,0.45,0.77,0.77,1.00,0.45,0.55,0.45,0.36,0.25",53,1.57,"Sitelinks, Image, Video, Video carousel, People also ask, Related searches, Ads bottom"
production music library,Commercial,880,"0.11,0.16,0.13,0.13,0.13,0.34,0.24,0.44,1.00,0.65,0.20,0.13",78,2.57,"Sitelinks, Video, Related searches"
sonic branding,Informational,720,"1.00,0.70,0.80,0.80,0.50,0.80,0.70,0.70,0.70,0.80,0.80,0.70",32,3.48,"Sitelinks, AI Overview, Image, Video, Video carousel, People also ask, Knowledge panel, Related searches, Ads bottom"
royalty free podcast music,Commercial,720,"0.55,0.67,0.55,0.55,1.00,0.36,0.55,0.45,0.76,0.67,0.55,0.67",41,1.98,"Sitelinks, Video, Related searches"
audio branding,Informational,590,"0.54,0.54,0.81,0.81,1.00,0.81,1.00,0.81,0.54,0.81,0.67,0.67",40,2.1,"AI Overview, Image, Video, Video carousel, People also ask, Related searches"
make music with AI,Informational,590,"0.72,0.48,0.59,0.48,0.72,0.59,0.48,0.39,0.59,0.59,0.59,1.00",86,1.37,"Sitelinks, AI Overview, Video, Video carousel, Related searches, Ads bottom"
AI jingle generator,Informational,480,"0.81,0.81,0.81,1.00,1.00,0.66,0.66,0.66,1.00,1.00,0.66,0.44",29,1.31,"Sitelinks, Image, Video, Short videos, People also ask, Related searches"
music licensing for business,Informational,480,"0.07,0.05,0.08,0.08,0.10,0.10,1.00,0.20,0.16,0.16,0.10,0.13",27,6.04,"AI Overview, Video, Video carousel, Discussions and forums, Related searches"
upbeat background music,"Informational, Transactional",480,"0.66,0.81,0.81,0.81,1.00,0.66,0.54,0.81,0.66,0.66,0.54,0.66",42,1.28,"Sitelinks, Image, Video, Featured video, Video carousel, Knowledge panel, Discussions and forums, Related searches"
free podcast intro music,Commercial,480,"0.36,0.44,0.81,1.00,0.81,0.66,0.54,0.66,0.66,0.44,0.44,0.54",18,1.49,"Sitelinks, Video, Video carousel, Related searches"
podcast background music,Informational,390,"0.36,0.36,0.54,0.67,1.00,0.29,0.23,0.23,0.36,0.54,0.44,0.54",12,1.45,"Sitelinks, Video, Video carousel, Related searches"
creator music,Informational,390,"0.83,0.56,0.67,0.56,0.44,0.56,0.56,0.56,0.67,1.00,0.67,0.83",39,3.28,"Sitelinks, AI Overview, Image pack, Video, Video carousel, Related searches"
sound identity,Informational,390,"0.01,0.01,0.01,0.31,0.68,0.13,0.03,0.11,1.00,0.01,0.02,0.01",2,0,"AI Overview, Video, Video carousel, People also ask, Related searches"
music for commercial use,Informational,320,"0.66,0.35,0.54,0.66,0.81,0.44,1.00,0.81,0.54,0.54,0.15,0.44",34,5.29,"Sitelinks, AI Overview, Image, Video, Related searches"
jingle maker,Informational,320,"0.67,0.82,0.82,1.00,1.00,0.55,0.29,0.35,0.55,0.67,0.55,0.44",13,1.32,"Video, Video carousel, Related searches"
music discovery platform,Informational,320,"0.04,0.04,0.04,0.00,0.00,0.00,0.04,0.04,0.41,1.00,0.01,0.00",88,0,"Sitelinks, Video, Discussions and forums, Related searches"
podcast music free,Informational,320,"1.00,0.20,1.00,0.67,0.53,0.80,0.67,0.43,0.33,1.00,0.53,0.43",41,1.56,"Sitelinks, AI Overview, Video, Related searches, See results about"
AI jingle maker,Informational,210,"0.35,0.43,0.43,0.53,0.66,0.43,0.43,0.66,1.00,0.82,0.66,0.82",19,1.09,"Sitelinks, Video, Video carousel, Related searches"
advertising music,Informational,210,"0.18,0.67,0.35,0.14,0.18,0.55,0.55,0.55,1.00,0.29,0.35,0.23",19,3.18,"Image, Video, Video carousel, People also ask, Related searches, See results about"
artlist vs epidemic sound,"Informational, Commercial",210,"1.00,0.80,0.65,0.80,0.80,0.65,0.52,0.65,0.21,0.65,0.65,0.65",37,4.17,"Sitelinks, AI Overview, Video, Related searches"
audio marketing,Informational,210,"0.52,0.43,0.65,0.52,0.65,0.65,0.81,1.00,0.81,0.33,1.00,0.81",15,7.48,"AI Overview, Video, Video carousel, People also ask, Related searches, Things to know"
jingle generator,Commercial,210,"0.81,1.00,0.81,1.00,1.00,0.27,0.22,0.27,0.53,0.43,0.36,0.27",16,0.79,"Sitelinks, Video, Video carousel, Related searches, Ads bottom"
music supervision,Informational,210,"0.36,0.23,0.81,0.00,0.06,0.06,0.36,0.15,1.00,0.44,0.81,0.28",24,2.44,"Sitelinks, AI Overview, Image, Video, Video carousel, Short videos, Top stories, Related searches"
retail background music,Transactional,210,"0.08,0.08,0.08,0.06,0.08,0.05,1.00,0.06,0.08,0.03,0.03,0.03",27,2.72,"Image, Image pack, Video, Video carousel, People also ask, Related searches"
stock music library,Commercial,210,"1.00,0.35,0.53,0.53,0.67,0.35,0.53,0.67,0.82,0.53,0.42,0.42",61,3.71,"Sitelinks, Video, Related searches"
suno alternative,Informational,210,"0.35,0.66,0.66,0.66,0.66,0.43,0.35,0.43,0.53,0.66,0.66,1.00",18,0.95,"Sitelinks, AI Overview, Image, Video, Video carousel, People also ask, Discussions and forums, Related searches, Ads bottom"
royalty free music for ads,Commercial,170,"0.34,0.28,0.34,0.15,0.65,0.43,0.53,0.43,0.43,0.65,1.00,0.43",27,2.48,"Sitelinks, Video, People also ask, Related searches"
sonic branding agency,Informational,170,"0.42,0.54,0.65,0.65,1.00,0.81,0.54,0.54,0.81,0.81,1.00,1.00",52,6.87,"Sitelinks, AI Overview, Video, Video carousel, Related searches"
sonic identity,Informational,170,"0.83,0.83,1.00,0.83,0.83,0.83,0.83,0.65,0.83,1.00,1.00,1.00",21,2.45,"Sitelinks, AI Overview, Video, Video carousel, People also ask, Knowledge panel, Related searches, Ads bottom"
sound branding,Informational,170,"0.53,0.42,0.42,0.80,0.65,1.00,0.80,0.80,0.53,0.65,0.80,0.53",21,3.83,"AI Overview, Image pack, Video, Video carousel, People also ask, Related searches, Ads middle"
in store music,Informational,170,"0.42,0.54,0.54,0.81,0.81,0.54,0.54,0.65,1.00,0.27,1.00,0.35",17,2.25,"Sitelinks, AI Overview, Video, Video carousel, People also ask, Related searches"
music branding,Informational,170,"0.09,0.43,0.52,0.65,0.20,1.00,0.52,0.28,0.81,0.81,0.52,0.52",10,3.78,"Sitelinks, AI Overview, Image, Video, People also ask, Discussions and forums, Related searches, See results about"
cinematic background music,"Informational, Transactional",140,"0.53,0.53,0.65,1.00,0.28,0.21,0.53,0.28,0.21,0.21,0.15,0.12",22,1.33,"Image, Video, Video carousel, Related searches"
background music for business,Informational,140,"0.21,0.28,0.21,0.28,0.34,0.43,0.81,1.00,0.81,0.81,0.81,0.65",24,15.17,"Sitelinks, AI Overview, Image, Video, Video carousel, People also ask, Related searches"
hold music for business,Informational,140,"1.00,0.52,0.52,0.52,0.82,0.52,1.00,1.00,0.66,0.43,0.66,0.43",27,3.52,"Sitelinks, Image pack, Video, Video carousel, People also ask, Related searches"
music curation,Informational,140,"0.52,0.42,0.52,0.80,0.42,0.33,1.00,0.42,0.42,0.80,0.42,0.42",11,1.74,"Sitelinks, AI Overview, Image, Video, People also ask, Related searches, Things to know"
music for advertising,Informational,140,"0.35,0.23,0.35,0.23,1.00,0.23,0.43,0.43,0.28,0.17,0.23,0.23",22,3.23,"AI Overview, Image, Video, Video carousel, Related searches"
music for events,Informational,140,"0.82,1.00,1.00,0.64,1.00,0.52,0.82,0.82,0.64,0.64,0.52,0.41",19,2.25,"Sitelinks, AI Overview, Image, Video, Video carousel, People also ask, Discussions and forums, Related searches, Ads bottom"
YouTube copyright free background music,Informational,110,"0.82,0.82,0.82,1.00,0.41,0.64,0.64,0.64,0.64,0.52,0.29,0.41",73,1.7,"Sitelinks, Image, Video, Video carousel, People also ask, Related searches"
music for Instagram reels,Informational,110,"1.00,0.27,0.27,0.20,0.20,0.17,0.20,0.17,0.17,0.10,0.10,0.10",41,1.93,"Sitelinks, AI Overview, Video, Video carousel, People also ask, Discussions and forums, Related searches"
sonic branding examples,Informational,110,"0.52,0.43,0.32,0.43,0.43,0.32,0.82,1.00,0.66,0.66,1.00,0.52",15,1.15,"Sitelinks, AI Overview, Image, Video, Video carousel, Related searches"
AI music tool,"Informational, Commercial",110,"0.17,0.23,0.43,0.10,0.10,0.28,0.66,0.43,0.35,0.35,0.35,1.00",81,1.58,"Sitelinks, AI Overview, Video, Video carousel, Discussions and forums, Related searches, Things to know"
generate music AI,Commercial,110,"0.02,0.02,0.23,0.02,0.15,0.02,0.04,1.00,0.02,0.02,0.02,0.02",96,1.13,"Sitelinks, Video, Video carousel, Discussions and forums, Related searches"
jingle creator,Commercial,110,"1.00,0.52,0.52,1.00,1.00,0.52,0.41,0.41,0.64,0.41,0.52,0.41",17,1.25,"Sitelinks, Video, People also ask, Related searches"
music for games,Informational,110,"0.52,0.30,1.00,0.22,0.83,0.17,0.65,0.83,0.30,0.52,0.43,0.65",12,1.15,"Sitelinks, AI Overview, Image, Video, Video carousel, People also ask, Discussions and forums, Related searches, See results about"
epidemic sound alternative,Informational,90,"0.78,0.50,0.78,0.64,0.64,0.50,1.00,0.50,0.50,0.50,0.50,0.35",6,2.34,"Sitelinks, AI Overview, Video, Video carousel, People also ask, Discussions and forums, Related searches, Ads bottom"
sonic logo maker,Informational,90,"1.00,0.64,0.78,0.50,0.64,0.50,1.00,0.64,0.50,0.35,0.64,0.50",,0,"Image, Image pack, Video, Related searches"
best stock music,Commercial,90,"0.17,0.51,0.66,0.23,0.17,0.17,1.00,1.00,0.43,0.43,0.09,0.09",34,8.17,"Sitelinks, AI Overview, Video, Video carousel, People also ask, Discussions and forums, Related searches, Ads bottom"
music for content creators,"Informational, Commercial",90,"1.00,0.79,0.65,0.49,0.49,0.35,0.65,0.79,0.65,0.49,0.65,0.35",69,4.45,"AI Overview, Image, Video, Video carousel, Related searches"
podcast jingle,"Informational, Transactional",90,"0.82,1.00,0.64,0.82,1.00,0.27,1.00,1.00,0.64,0.45,0.45,1.00",10,2.37,"Video, Video carousel, People also ask, Related searches"
artlist alternative,Commercial,70,"0.73,1.00,0.73,1.00,0.73,0.73,0.53,0.33,0.73,1.00,1.00,1.00",4,3.8,"Sitelinks, AI Overview, Video, People also ask, Discussions and forums, Related searches, Ads bottom"
brand sound,Informational,70,"0.50,0.78,0.78,0.35,0.35,0.35,0.64,0.50,0.21,1.00,0.78,0.28",21,3.83,"AI Overview, Video, Video carousel, People also ask, Knowledge panel, Related searches"
podcast outro music,"Informational, Transactional",70,"0.07,0.11,0.07,0.42,1.00,0.19,0.07,0.07,0.26,0.42,0.42,0.53",23,1.21,"Sitelinks, Video, Video carousel, People also ask, Related searches"
safe music for YouTube,Commercial,70,"1.00,0.77,0.33,0.55,0.77,0.77,0.77,0.77,0.77,0.77,0.77,0.77",55,1.72,"Sitelinks, AI Overview, Video, Video carousel, People also ask, Discussions and forums, Related searches"
music for Facebook ads,Informational,70,"0.64,0.64,0.27,0.64,0.64,1.00,1.00,0.64,0.82,1.00,0.64,0.64",40,4.16,"Sitelinks, Image, Video, People also ask, Related searches"
music for social media,Commercial,70,"0.64,0.00,0.27,0.45,0.09,0.45,1.00,1.00,1.00,0.82,0.45,1.00",87,3.68,"Sitelinks, AI Overview, Image, Video, Video carousel, People also ask, Discussions and forums, Related searches, Ads bottom"
what is audio branding,Informational,70,"0.66,0.49,0.66,0.80,1.00,1.00,0.34,0.14,0.14,0.20,0.20,0.14",8,0,"Featured snippet, Sitelinks, Video, Video carousel, Short videos, People also ask, Related searches"
what is sonic branding,Informational,70,"0.23,0.14,0.14,0.66,0.52,0.19,0.33,0.33,1.00,0.23,0.33,0.52",30,0.77,"Sitelinks, AI Overview, Video, People also ask, Related searches"
brand music strategy,Informational,50,"0.18,1.00,1.00,1.00,0.18,0.18,0.18,0.36,0.18,0.18,0.18,0.18",13,0,"AI Overview, Image, Video, Video carousel, Discussions and forums, Related searches"
brand anthem,Informational,50,"1.00,0.63,0.63,0.44,0.17,0.17,0.27,0.37,0.63,0.27,0.63,0.17",0,0,"AI Overview, Image, Image pack, Video, Video carousel, People also ask, Related searches"
branded music,Navigational,50,"0.00,0.00,1.00,0.03,0.06,0.06,0.03,0.03,0.00,0.00,0.00,0.00",34,3.97,"Sitelinks, AI Overview, Image, Video, Video carousel, People also ask, Related searches"
sonic branding definition,Informational,50,"0.44,0.22,0.55,0.55,0.77,1.00,0.55,0.55,0.55,0.77,0.77,0.44",26,0,"Sitelinks, AI Overview, Video, Video carousel, People also ask, Related searches"
sound marketing,Navigational,50,"1.00,0.27,0.18,0.18,0.18,0.18,0.82,1.00,0.36,0.18,0.18,0.27",10,0,"AI Overview, Video, Video carousel, Knowledge panel, Related searches"
audio identity,,40,"0.27,0.27,0.27,0.42,0.58,0.58,0.70,0.70,1.00,0.58,0.42,0.58",,0,
music by BPM,,40,"0.00,0.80,0.00,0.00,0.00,0.00,0.04,0.15,0.00,0.00,0.00,1.00",,1.06,
music licensing cost,Informational,40,"0.56,0.42,0.70,1.00,0.56,1.00,1.00,0.70,0.42,0.28,0.28,0.28",27,1.62,"Sitelinks, AI Overview, Video, Video carousel, Related searches"
audio branding examples,Informational,40,"0.29,0.29,0.43,0.29,1.00,0.29,0.57,0.71,0.43,0.71,0.57,0.57",0,2.79,"Sitelinks, AI Overview, Image, Image pack, Video, Video carousel, Short videos, Related searches"
background music for restaurant,"Informational, Transactional",40,"0.18,0.63,0.36,0.36,0.63,0.00,1.00,1.00,0.45,0.09,0.09,0.09",36,3.03,"Image, Image pack, Video, Video carousel, People also ask, Related searches, Ads top, Ads bottom"
background music for store,"Informational, Transactional",40,"0.28,0.42,0.28,0.42,0.42,0.00,1.00,1.00,1.00,1.00,0.71,0.14",32,3.99,"Image, Video, Video carousel, Short videos, Related searches"
sonic branding strategy,Informational,40,"0.28,0.71,1.00,0.42,0.42,0.57,0.57,0.57,0.57,0.57,0.71,0.57",23,0,"Featured snippet, Image, Video, Video carousel, People also ask, Related searches"
AI background music,Commercial,30,"0.39,0.39,1.00,1.00,0.39,0.39,0.39,0.39,0.39,0.39,0.39,0.39",79,1.31,"Sitelinks, Video, Video carousel, Related searches"
brand sound design,,30,"0.60,0.40,0.40,0.60,1.00,0.60,0.80,0.80,0.60,0.40,0.60,0.80",,0,
music licensing for social media,Informational,30,"0.40,0.40,0.40,0.40,1.00,0.60,0.80,0.80,0.40,0.40,0.40,0.60",5,5.67,"Sitelinks, AI Overview, Video, Video carousel, Discussions and forums, Related searches"
audio logo design,,30,"0.17,0.17,0.17,0.17,0.17,0.17,0.17,1.00,0.17,0.17,0.17,0.17",,0,
brand jingle,,30,"0.75,0.75,0.50,0.50,0.50,0.25,0.50,1.00,0.75,0.50,1.00,1.00",,0,
custom jingle,"Informational, Commercial",30,"0.20,0.39,0.39,0.39,0.39,0.20,0.80,1.00,0.80,1.00,0.80,0.80",37,3.79,"Sitelinks, Video, Video carousel, Local pack, Related searches"
music for TikTok,Informational,30,"1.00,0.37,0.37,0.37,0.37,0.37,0.37,0.37,0.37,0.37,0.37,0.37",48,2.3,"Image, Video, Video carousel, People also ask, Discussions and forums, Related searches, See results about"
podcast theme music,Informational,30,"0.65,0.00,0.00,0.10,0.20,0.00,0.15,0.00,0.00,0.00,0.05,1.00",26,1.62,"Sitelinks, AI Overview, Video, Video carousel, People also ask, Discussions and forums, Related searches"
what is a sonic logo,,30,"0.40,0.60,0.40,0.40,0.40,0.40,0.80,0.40,0.40,1.00,0.60,0.60",,0,
audio logo examples,,20,"0.64,0.64,0.64,1.00,0.64,0.64,0.64,0.64,0.64,0.64,0.64,0.64",,0,
custom jingle maker,,20,"0.64,0.64,0.00,0.64,0.64,0.64,0.64,0.64,1.00,0.64,0.64,0.64",,0,
find music by mood,,20,"0.00,1.00,1.00,1.00,0.00,1.00,1.00,1.00,1.00,0.00,1.00,1.00",,0,
find music for video,,20,"1.00,1.00,1.00,1.00,1.00,1.00,1.00,1.00,1.00,1.00,1.00,1.00",,2.65,
happy background music royalty free,,20,"1.00,1.00,1.00,1.00,1.00,1.00,1.00,1.00,1.00,1.00,1.00,1.00",,1.63,
music by mood,,20,"1.00,0.33,0.00,0.40,0.00,0.00,0.20,0.73,0.00,0.00,0.00,0.00",,1.8,
music licensing for content creators,,20,"0.50,1.00,1.00,1.00,1.00,1.00,1.00",,0,
no copyright claim music,,20,"1.00,1.00,1.00,1.00,1.00,1.00,1.00,1.00,0.00,1.00,1.00,0.00",,0,
sonic logo examples,,20,"0.66,0.66,0.66,0.66,0.66,0.66,0.66,0.66,0.66,1.00,0.66,0.66",,0,
AI music for commercial use,,20,"1.00,1.00,1.00,1.00,1.00,1.00,1.00,1.00,1.00,1.00,1.00,1.00",,3.32,
AI music no copyright,,20,"1.00,1.00,1.00,1.00,1.00,1.00,1.00,1.00,1.00,1.00,1.00,1.00",,1.24,
AI podcast intro,,20,"1.00,1.00,1.00,1.00,1.00,1.00,1.00,1.00,1.00,1.00,1.00,1.00",,2.54,
TikTok music for business,,20,"0.00,1.00,1.00,1.00,1.00,1.00,1.00,1.00,1.00,0.00,1.00,1.00",,0,
audio asset management,,20,"1.00,1.00,1.00,1.00,1.00,1.00,0.00,1.00,0.00,1.00,1.00,1.00",,0,
audio branding strategy,,20,"0.40,0.40,0.40,0.40,0.40,0.40,0.40,1.00,0.40,0.20,1.00,0.40",,0,
audio logo maker,,20,"1.00,1.00,1.00,1.00,1.00,1.00,1.00,1.00,1.00,1.00,1.00,1.00",,0,
best sonic logos,,20,"1.00,1.00,1.00,1.00,1.00,1.00,1.00,1.00,1.00,1.00,1.00,1.00",,0,
brand audio,,20,"1.00,1.00,1.00,1.00,0.66,0.66,0.66,0.66,0.66,0.66,0.66,0.66",,1.75,
music for YouTube ads,,20,"0.66,0.66,0.66,0.66,0.66,0.66,1.00,1.00,0.66,0.33,0.66,0.00",,0,
music for website,,20,"1.00,1.00,1.00,1.00,1.00,1.00,1.00,1.00,1.00,1.00,1.00,1.00",,3.89,
podcast sound design,,20,"0.38,0.38,0.38,0.38,0.38,0.38,0.38,0.59,1.00,0.38,0.38,0.38",,2.84,
uppbeat alternative,,20,"1.00,1.00,1.00,1.00,0.00,1.00,1.00,1.00,0.00,1.00,1.00,0.00",,0,
calm background music for video,,10,"0.00,0.00,0.66,0.00,0.00,1.00,0.66,0.00,0.00,0.00,0.00,0.00",,0.85,
how to avoid copyright claim YouTube,,10,"1.00,1.00,0.00,0.00,0.00,0.00,1.00,1.00,0.00,0.00,1.00,1.00",,0,
music copyright claim YouTube,,10,"1.00,0.00,1.00,0.00,1.00,1.00,0.00,1.00,1.00,1.00,1.00,0.00",,0,
music for reels no copyright,,10,"1.00,1.00,1.00,1.00,0.00,1.00,1.00,0.00,0.00,1.00,0.00,1.00",,0,
royalty free music India,,10,"0.00,0.00,1.00,0.14,0.00,0.00,0.00,0.00,0.00,0.00,0.00,0.00",,2.41,
AI music for video,,10,"0.12,0.27,0.12,0.12,0.12,0.27,0.00,0.00,0.00,0.00,1.00,0.00",,1.92,
music for presentations,,10,"1.00,0.14,0.00,0.00,0.00,0.00,0.00,0.00,0.00,0.00,0.14,1.00",,0.94,
soundtrack your brand alternative,,10,"0.00,0.00,0.00,0.00,0.00,0.00,0.00,0.60,1.00,0.60,0.80,0.40",,0,
AI audio logo,,0,"0.00,0.00,0.00,0.00,0.00,0.00,0.00,0.00,0.00,0.00,0.00,0.00",,0,
audio branding India,,0,"0.00,0.00,0.00,0.00,0.00,0.00,0.00,0.00,0.00,0.00,0.00,0.00",,0,
audio logo generator,,0,"1.00,0.00,0.00,0.00,0.00,0.00,0.00,0.00,0.00,0.00,0.00,0.00",,0,
copyright strike music YouTube,,0,"0.00,0.00,0.00,0.00,0.00,0.00,0.00,0.00,0.00,0.00,0.00,0.00",,0,
create sonic logo,,0,"0.00,0.00,0.00,0.00,0.00,0.00,0.00,0.00,0.00,0.00,0.00,0.00",,0,
dramatic music for video,,0,"0.00,0.00,0.00,0.00,0.00,0.00,0.00,0.00,0.00,0.00,0.00,0.00",,0.74,
jingle maker online,,0,"0.00,0.00,0.00,0.00,0.00,0.00,0.00,0.00,0.00,0.00,0.00,0.00",,2.61,
make a sonic logo,,0,"0.00,0.00,0.00,0.00,0.00,0.00,0.00,0.00,0.00,0.00,0.00,0.00",,0,
music for corporate video,,0,"1.00,0.00,0.00,0.00,0.00,0.00,0.00,0.50,0.00,0.00,0.00,0.00",,3.89,
music for product video,,0,"0.00,0.00,0.00,0.00,0.00,0.00,0.00,0.00,0.00,0.00,0.00,0.00",,1.89,
musicbed alternative,,0,"0.00,0.00,0.00,0.00,0.00,0.00,0.00,0.00,0.00,0.00,0.00,0.00",,5.44,
search music by emotion,,0,"0.00,0.00,0.00,0.00,0.00,0.00,0.00,0.00,0.00,0.00,0.00,0.00",,0,
sonic branding cost,,0,"0.00,0.00,0.00,0.00,0.00,0.00,0.00,0.00,0.00,0.00,0.00,0.00",,0,
soundraw alternative,,0,"0.00,0.00,0.00,0.00,0.00,0.00,0.00,0.00,0.00,0.00,0.00,0.00",,0,
AI audio branding,,0,"0.00,0.00,0.00,0.00,0.00,0.00,0.00,0.00,0.00,0.00,0.00,0.00",,0,
AI composition tool,,0,"0.00,0.00,0.00,0.00,0.00,0.00,0.00,0.00,0.00,0.00,0.00,0.00",,0,
branded content music,,0,"0.00,0.00,0.00,0.00,0.00,0.00,0.00,0.00,0.00,0.00,0.00,0.00",,0,
music for apps,,0,"0.00,0.00,0.00,0.00,0.00,0.00,1.00,0.00,0.00,0.00,0.00,0.00",,0.78,
music for explainer video,,0,"0.00,0.00,0.00,0.00,0.00,0.00,0.00,0.00,0.00,0.00,0.00,0.00",,4.17,
music for marketing,,0,"0.00,0.00,1.00,0.00,0.00,0.00,0.00,0.00,0.00,0.00,0.00,0.00",,3.51,
podcast music generator,,0,"0.00,0.00,0.00,0.00,0.00,0.00,0.00,0.00,0.00,0.00,0.00,0.00",,0,
sonic logo design,,0,"0.00,0.00,0.00,0.00,0.00,0.00,0.00,0.00,0.00,1.00,0.00,0.00",,0,
sound design for brands,,0,"0.00,0.00,0.00,0.00,0.00,0.00,0.00,0.00,0.00,0.00,0.00,0.00",,0,